"Notes","Month","Month Code","Infant Birth Weight 12","Infant Birth Weight 12 Code","Mother's Pre-pregnancy BMI","Mother's Pre-pregnancy BMI Code","Month Prenatal Care Began","Month Prenatal Care Began Code",Deaths,Births,Death Rate
,"January","1","499 grams or less","01","Normal 18.5-24.9","2","No prenatal care","00",15,21,714.29 (Unreliable)
,"January","1","499 grams or less","01","Normal 18.5-24.9","2","2nd month","02",47,51,921.57
,"January","1","499 grams or less","01","Normal 18.5-24.9","2","3rd month","03",24,24,1000.00
,"January","1","499 grams or less","01","Normal 18.5-24.9","2","4th month","04",16,19,842.11 (Unreliable)
,"January","1","499 grams or less","01","Overweight 25.0-29.9","3","2nd month","02",28,36,777.78
,"January","1","499 grams or less","01","Overweight 25.0-29.9","3","3rd month","03",19,24,791.67 (Unreliable)
,"January","1","499 grams or less","01","Overweight 25.0-29.9","3","Unknown or Not Stated","99",12,14,857.14 (Unreliable)
,"January","1","499 grams or less","01","Obesity I 30.0-34.9","4","2nd month","02",25,30,833.33
,"January","1","499 grams or less","01","Obesity I 30.0-34.9","4","3rd month","03",28,34,823.53
,"January","1","499 grams or less","01","Obesity I 30.0-34.9","4","4th month","04",17,18,944.44 (Unreliable)
,"January","1","499 grams or less","01","Obesity II 35.0-39.9","5","2nd month","02",20,21,952.38
,"January","1","499 grams or less","01","Obesity II 35.0-39.9","5","3rd month","03",13,16,812.50 (Unreliable)
,"January","1","499 grams or less","01","Extreme Obesity III > 39.9","6","2nd month","02",14,17,823.53 (Unreliable)
,"January","1","499 grams or less","01","Extreme Obesity III > 39.9","6","3rd month","03",13,17,764.71 (Unreliable)
,"January","1","499 grams or less","01","Unknown or Not Stated","9","Unknown or Not Stated","99",14,17,823.53 (Unreliable)
,"January","1","500 - 999 grams","02","Normal 18.5-24.9","2","No prenatal care","00",21,52,403.85
,"January","1","500 - 999 grams","02","Normal 18.5-24.9","2","2nd month","02",32,157,203.82
,"January","1","500 - 999 grams","02","Normal 18.5-24.9","2","3rd month","03",32,112,285.71
,"January","1","500 - 999 grams","02","Normal 18.5-24.9","2","4th month","04",13,40,325.00 (Unreliable)
,"January","1","500 - 999 grams","02","Overweight 25.0-29.9","3","2nd month","02",20,119,168.07
,"January","1","500 - 999 grams","02","Overweight 25.0-29.9","3","3rd month","03",22,89,247.19
,"January","1","500 - 999 grams","02","Obesity I 30.0-34.9","4","2nd month","02",19,82,231.71 (Unreliable)
,"January","1","500 - 999 grams","02","Obesity I 30.0-34.9","4","3rd month","03",13,83,156.63 (Unreliable)
,"January","1","500 - 999 grams","02","Obesity II 35.0-39.9","5","2nd month","02",12,54,222.22 (Unreliable)
,"January","1","1500 - 1999 grams","04","Overweight 25.0-29.9","3","3rd month","03",12,393,30.53 (Unreliable)
,"January","1","2000 - 2499 grams","05","Normal 18.5-24.9","2","3rd month","03",10,1953,5.12 (Unreliable)
,"January","1","2000 - 2499 grams","05","Overweight 25.0-29.9","3","3rd month","03",12,1353,8.87 (Unreliable)
,"January","1","2500 - 2999 grams","06","Normal 18.5-24.9","2","2nd month","02",21,8457,2.48
,"January","1","2500 - 2999 grams","06","Normal 18.5-24.9","2","3rd month","03",16,7585,2.11 (Unreliable)
,"January","1","2500 - 2999 grams","06","Normal 18.5-24.9","2","4th month","04",11,2376,4.63 (Unreliable)
,"January","1","2500 - 2999 grams","06","Overweight 25.0-29.9","3","2nd month","02",15,5191,2.89 (Unreliable)
,"January","1","2500 - 2999 grams","06","Overweight 25.0-29.9","3","3rd month","03",13,5043,2.58 (Unreliable)
,"January","1","2500 - 2999 grams","06","Obesity I 30.0-34.9","4","2nd month","02",11,3234,3.40 (Unreliable)
,"January","1","3000 - 3499 grams","07","Normal 18.5-24.9","2","2nd month","02",15,16600,0.90 (Unreliable)
,"January","1","3000 - 3499 grams","07","Normal 18.5-24.9","2","3rd month","03",12,15255,0.79 (Unreliable)
,"January","1","3000 - 3499 grams","07","Overweight 25.0-29.9","3","2nd month","02",11,10989,1.00 (Unreliable)
,"January","1","3000 - 3499 grams","07","Overweight 25.0-29.9","3","3rd month","03",12,10364,1.16 (Unreliable)
,"January","1","3000 - 3499 grams","07","Obesity I 30.0-34.9","4","2nd month","02",11,6781,1.62 (Unreliable)
,"January","1","3000 - 3499 grams","07","Obesity II 35.0-39.9","5","3rd month","03",12,3160,3.80 (Unreliable)
,"January","1","3500 - 3999 grams","08","Overweight 25.0-29.9","3","3rd month","03",10,7402,1.35 (Unreliable)
,"January","1","3500 - 3999 grams","08","Obesity I 30.0-34.9","4","2nd month","02",13,4822,2.70 (Unreliable)
,"February","2","499 grams or less","01","Normal 18.5-24.9","2","No prenatal care","00",13,17,764.71 (Unreliable)
,"February","2","499 grams or less","01","Normal 18.5-24.9","2","2nd month","02",26,34,764.71
,"February","2","499 grams or less","01","Normal 18.5-24.9","2","3rd month","03",25,30,833.33
,"February","2","499 grams or less","01","Overweight 25.0-29.9","3","No prenatal care","00",10,11,909.09 (Unreliable)
,"February","2","499 grams or less","01","Overweight 25.0-29.9","3","2nd month","02",31,35,885.71
,"February","2","499 grams or less","01","Overweight 25.0-29.9","3","3rd month","03",22,29,758.62
,"February","2","499 grams or less","01","Obesity I 30.0-34.9","4","2nd month","02",30,35,857.14
,"February","2","499 grams or less","01","Obesity I 30.0-34.9","4","3rd month","03",15,19,789.47 (Unreliable)
,"February","2","499 grams or less","01","Obesity II 35.0-39.9","5","2nd month","02",13,16,812.50 (Unreliable)
,"February","2","499 grams or less","01","Obesity II 35.0-39.9","5","3rd month","03",11,14,785.71 (Unreliable)
,"February","2","499 grams or less","01","Extreme Obesity III > 39.9","6","2nd month","02",18,20,900.00 (Unreliable)
,"February","2","499 grams or less","01","Extreme Obesity III > 39.9","6","3rd month","03",13,14,928.57 (Unreliable)
,"February","2","499 grams or less","01","Unknown or Not Stated","9","No prenatal care","00",12,13,923.08 (Unreliable)
,"February","2","500 - 999 grams","02","Normal 18.5-24.9","2","No prenatal care","00",10,41,243.90 (Unreliable)
,"February","2","500 - 999 grams","02","Normal 18.5-24.9","2","2nd month","02",13,103,126.21 (Unreliable)
,"February","2","500 - 999 grams","02","Normal 18.5-24.9","2","3rd month","03",22,91,241.76
,"February","2","500 - 999 grams","02","Normal 18.5-24.9","2","4th month","04",12,44,272.73 (Unreliable)
,"February","2","500 - 999 grams","02","Overweight 25.0-29.9","3","2nd month","02",21,103,203.88
,"February","2","500 - 999 grams","02","Overweight 25.0-29.9","3","3rd month","03",20,84,238.10
,"February","2","500 - 999 grams","02","Obesity I 30.0-34.9","4","2nd month","02",16,64,250.00 (Unreliable)
,"February","2","500 - 999 grams","02","Obesity I 30.0-34.9","4","3rd month","03",15,89,168.54 (Unreliable)
,"February","2","500 - 999 grams","02","Obesity II 35.0-39.9","5","2nd month","02",14,54,259.26 (Unreliable)
,"February","2","500 - 999 grams","02","Obesity II 35.0-39.9","5","3rd month","03",10,52,192.31 (Unreliable)
,"February","2","500 - 999 grams","02","Extreme Obesity III > 39.9","6","2nd month","02",13,52,250.00 (Unreliable)
,"February","2","1000 - 1499 grams","03","Normal 18.5-24.9","2","2nd month","02",11,183,60.11 (Unreliable)
,"February","2","1000 - 1499 grams","03","Overweight 25.0-29.9","3","2nd month","02",10,159,62.89 (Unreliable)
,"February","2","1500 - 1999 grams","04","Overweight 25.0-29.9","3","2nd month","02",10,351,28.49 (Unreliable)
,"February","2","2000 - 2499 grams","05","Normal 18.5-24.9","2","3rd month","03",13,1882,6.91 (Unreliable)
,"February","2","2000 - 2499 grams","05","Overweight 25.0-29.9","3","3rd month","03",15,1196,12.54 (Unreliable)
,"February","2","2500 - 2999 grams","06","Normal 18.5-24.9","2","2nd month","02",17,7294,2.33 (Unreliable)
,"February","2","2500 - 2999 grams","06","Normal 18.5-24.9","2","3rd month","03",17,7026,2.42 (Unreliable)
,"February","2","2500 - 2999 grams","06","Obesity I 30.0-34.9","4","3rd month","03",12,2820,4.26 (Unreliable)
,"February","2","3000 - 3499 grams","07","Normal 18.5-24.9","2","2nd month","02",15,14718,1.02 (Unreliable)
,"February","2","3000 - 3499 grams","07","Normal 18.5-24.9","2","3rd month","03",19,14319,1.33 (Unreliable)
,"February","2","3000 - 3499 grams","07","Overweight 25.0-29.9","3","2nd month","02",12,9882,1.21 (Unreliable)
,"February","2","3000 - 3499 grams","07","Overweight 25.0-29.9","3","3rd month","03",11,9809,1.12 (Unreliable)
,"February","2","3000 - 3499 grams","07","Obesity I 30.0-34.9","4","3rd month","03",11,5907,1.86 (Unreliable)
,"February","2","3500 - 3999 grams","08","Normal 18.5-24.9","2","2nd month","02",11,8785,1.25 (Unreliable)
,"February","2","3500 - 3999 grams","08","Normal 18.5-24.9","2","3rd month","03",12,8919,1.35 (Unreliable)
,"February","2","3500 - 3999 grams","08","Overweight 25.0-29.9","3","2nd month","02",10,6942,1.44 (Unreliable)
,"March","3","499 grams or less","01","Normal 18.5-24.9","2","No prenatal care","00",15,16,937.50 (Unreliable)
,"March","3","499 grams or less","01","Normal 18.5-24.9","2","1st month","01",10,11,909.09 (Unreliable)
,"March","3","499 grams or less","01","Normal 18.5-24.9","2","2nd month","02",40,42,952.38
,"March","3","499 grams or less","01","Normal 18.5-24.9","2","3rd month","03",33,43,767.44
,"March","3","499 grams or less","01","Normal 18.5-24.9","2","4th month","04",16,20,800.00 (Unreliable)
,"March","3","499 grams or less","01","Overweight 25.0-29.9","3","2nd month","02",27,33,818.18
,"March","3","499 grams or less","01","Overweight 25.0-29.9","3","3rd month","03",34,42,809.52
,"March","3","499 grams or less","01","Obesity I 30.0-34.9","4","No prenatal care","00",10,10,1000.00 (Unreliable)
,"March","3","499 grams or less","01","Obesity I 30.0-34.9","4","2nd month","02",13,21,619.05 (Unreliable)
,"March","3","499 grams or less","01","Obesity I 30.0-34.9","4","3rd month","03",26,29,896.55
,"March","3","499 grams or less","01","Obesity II 35.0-39.9","5","No prenatal care","00",10,11,909.09 (Unreliable)
,"March","3","499 grams or less","01","Obesity II 35.0-39.9","5","2nd month","02",15,16,937.50 (Unreliable)
,"March","3","499 grams or less","01","Obesity II 35.0-39.9","5","3rd month","03",13,18,722.22 (Unreliable)
,"March","3","499 grams or less","01","Extreme Obesity III > 39.9","6","2nd month","02",13,14,928.57 (Unreliable)
,"March","3","499 grams or less","01","Extreme Obesity III > 39.9","6","3rd month","03",16,19,842.11 (Unreliable)
,"March","3","499 grams or less","01","Unknown or Not Stated","9","No prenatal care","00",13,14,928.57 (Unreliable)
,"March","3","499 grams or less","01","Unknown or Not Stated","9","Unknown or Not Stated","99",13,16,812.50 (Unreliable)
,"March","3","500 - 999 grams","02","Normal 18.5-24.9","2","No prenatal care","00",15,41,365.85 (Unreliable)
,"March","3","500 - 999 grams","02","Normal 18.5-24.9","2","2nd month","02",32,153,209.15
,"March","3","500 - 999 grams","02","Normal 18.5-24.9","2","3rd month","03",18,97,185.57 (Unreliable)
,"March","3","500 - 999 grams","02","Normal 18.5-24.9","2","4th month","04",19,64,296.88 (Unreliable)
,"March","3","500 - 999 grams","02","Overweight 25.0-29.9","3","No prenatal care","00",11,32,343.75 (Unreliable)
,"March","3","500 - 999 grams","02","Overweight 25.0-29.9","3","2nd month","02",26,117,222.22
,"March","3","500 - 999 grams","02","Overweight 25.0-29.9","3","3rd month","03",17,109,155.96 (Unreliable)
,"March","3","500 - 999 grams","02","Obesity I 30.0-34.9","4","2nd month","02",18,94,191.49 (Unreliable)
,"March","3","500 - 999 grams","02","Obesity I 30.0-34.9","4","3rd month","03",16,77,207.79 (Unreliable)
,"March","3","500 - 999 grams","02","Extreme Obesity III > 39.9","6","2nd month","02",18,61,295.08 (Unreliable)
,"March","3","500 - 999 grams","02","Extreme Obesity III > 39.9","6","3rd month","03",12,40,300.00 (Unreliable)
,"March","3","500 - 999 grams","02","Unknown or Not Stated","9","No prenatal care","00",12,27,444.44 (Unreliable)
,"March","3","1000 - 1499 grams","03","Obesity I 30.0-34.9","4","2nd month","02",10,133,75.19 (Unreliable)
,"March","3","1500 - 1999 grams","04","Normal 18.5-24.9","2","2nd month","02",15,551,27.22 (Unreliable)
,"March","3","1500 - 1999 grams","04","Normal 18.5-24.9","2","3rd month","03",10,500,20.00 (Unreliable)
,"March","3","1500 - 1999 grams","04","Overweight 25.0-29.9","3","2nd month","02",11,390,28.21 (Unreliable)
,"March","3","2000 - 2499 grams","05","Normal 18.5-24.9","2","3rd month","03",11,2003,5.49 (Unreliable)
,"March","3","2000 - 2499 grams","05","Overweight 25.0-29.9","3","3rd month","03",15,1350,11.11 (Unreliable)
,"March","3","2500 - 2999 grams","06","Normal 18.5-24.9","2","2nd month","02",16,8127,1.97 (Unreliable)
,"March","3","2500 - 2999 grams","06","Normal 18.5-24.9","2","3rd month","03",21,7910,2.65
,"March","3","2500 - 2999 grams","06","Normal 18.5-24.9","2","4th month","04",10,2317,4.32 (Unreliable)
,"March","3","2500 - 2999 grams","06","Overweight 25.0-29.9","3","2nd month","02",12,5291,2.27 (Unreliable)
,"March","3","2500 - 2999 grams","06","Obesity I 30.0-34.9","4","2nd month","02",11,3218,3.42 (Unreliable)
,"March","3","2500 - 2999 grams","06","Obesity I 30.0-34.9","4","3rd month","03",16,3088,5.18 (Unreliable)
,"March","3","2500 - 2999 grams","06","Extreme Obesity III > 39.9","6","2nd month","02",11,1230,8.94 (Unreliable)
,"March","3","3000 - 3499 grams","07","Normal 18.5-24.9","2","2nd month","02",18,16500,1.09 (Unreliable)
,"March","3","3000 - 3499 grams","07","Normal 18.5-24.9","2","3rd month","03",24,16308,1.47
,"March","3","3000 - 3499 grams","07","Overweight 25.0-29.9","3","2nd month","02",20,11180,1.79
,"March","3","3000 - 3499 grams","07","Overweight 25.0-29.9","3","3rd month","03",16,11129,1.44 (Unreliable)
,"March","3","3000 - 3499 grams","07","Obesity I 30.0-34.9","4","2nd month","02",16,6817,2.35 (Unreliable)
,"March","3","3000 - 3499 grams","07","Obesity I 30.0-34.9","4","3rd month","03",11,6384,1.72 (Unreliable)
,"March","3","3000 - 3499 grams","07","Obesity II 35.0-39.9","5","2nd month","02",10,3478,2.88 (Unreliable)
,"March","3","3000 - 3499 grams","07","Obesity II 35.0-39.9","5","3rd month","03",11,3278,3.36 (Unreliable)
,"March","3","3500 - 3999 grams","08","Normal 18.5-24.9","2","3rd month","03",10,10204,0.98 (Unreliable)
,"March","3","3500 - 3999 grams","08","Overweight 25.0-29.9","3","2nd month","02",11,8099,1.36 (Unreliable)
,"March","3","3500 - 3999 grams","08","Obesity I 30.0-34.9","4","2nd month","02",10,4890,2.04 (Unreliable)
,"April","4","499 grams or less","01","Normal 18.5-24.9","2","No prenatal care","00",15,20,750.00 (Unreliable)
,"April","4","499 grams or less","01","Normal 18.5-24.9","2","1st month","01",10,10,1000.00 (Unreliable)
,"April","4","499 grams or less","01","Normal 18.5-24.9","2","2nd month","02",31,39,794.87
,"April","4","499 grams or less","01","Normal 18.5-24.9","2","3rd month","03",21,26,807.69
,"April","4","499 grams or less","01","Overweight 25.0-29.9","3","2nd month","02",24,28,857.14
,"April","4","499 grams or less","01","Overweight 25.0-29.9","3","3rd month","03",27,34,794.12
,"April","4","499 grams or less","01","Overweight 25.0-29.9","3","4th month","04",11,17,647.06 (Unreliable)
,"April","4","499 grams or less","01","Obesity I 30.0-34.9","4","2nd month","02",24,30,800.00
,"April","4","499 grams or less","01","Obesity I 30.0-34.9","4","3rd month","03",28,34,823.53
,"April","4","499 grams or less","01","Obesity II 35.0-39.9","5","2nd month","02",17,24,708.33 (Unreliable)
,"April","4","499 grams or less","01","Obesity II 35.0-39.9","5","3rd month","03",11,18,611.11 (Unreliable)
,"April","4","499 grams or less","01","Extreme Obesity III > 39.9","6","3rd month","03",11,17,647.06 (Unreliable)
,"April","4","500 - 999 grams","02","Normal 18.5-24.9","2","No prenatal care","00",19,46,413.04 (Unreliable)
,"April","4","500 - 999 grams","02","Normal 18.5-24.9","2","2nd month","02",21,125,168.00
,"April","4","500 - 999 grams","02","Normal 18.5-24.9","2","3rd month","03",21,112,187.50
,"April","4","500 - 999 grams","02","Overweight 25.0-29.9","3","2nd month","02",22,133,165.41
,"April","4","500 - 999 grams","02","Overweight 25.0-29.9","3","3rd month","03",29,123,235.77
,"April","4","500 - 999 grams","02","Obesity I 30.0-34.9","4","2nd month","02",19,87,218.39 (Unreliable)
,"April","4","500 - 999 grams","02","Obesity I 30.0-34.9","4","3rd month","03",17,89,191.01 (Unreliable)
,"April","4","500 - 999 grams","02","Obesity II 35.0-39.9","5","2nd month","02",14,65,215.38 (Unreliable)
,"April","4","500 - 999 grams","02","Obesity II 35.0-39.9","5","3rd month","03",12,50,240.00 (Unreliable)
,"April","4","500 - 999 grams","02","Extreme Obesity III > 39.9","6","2nd month","02",15,61,245.90 (Unreliable)
,"April","4","500 - 999 grams","02","Extreme Obesity III > 39.9","6","3rd month","03",10,45,222.22 (Unreliable)
,"April","4","1000 - 1499 grams","03","Normal 18.5-24.9","2","2nd month","02",10,233,42.92 (Unreliable)
,"April","4","1000 - 1499 grams","03","Normal 18.5-24.9","2","3rd month","03",10,205,48.78 (Unreliable)
,"April","4","1500 - 1999 grams","04","Normal 18.5-24.9","2","2nd month","02",15,545,27.52 (Unreliable)
,"April","4","1500 - 1999 grams","04","Normal 18.5-24.9","2","3rd month","03",12,487,24.64 (Unreliable)
,"April","4","1500 - 1999 grams","04","Overweight 25.0-29.9","3","2nd month","02",10,428,23.36 (Unreliable)
,"April","4","1500 - 1999 grams","04","Overweight 25.0-29.9","3","3rd month","03",10,364,27.47 (Unreliable)
,"April","4","2000 - 2499 grams","05","Normal 18.5-24.9","2","2nd month","02",17,1950,8.72 (Unreliable)
,"April","4","2000 - 2499 grams","05","Normal 18.5-24.9","2","3rd month","03",12,1854,6.47 (Unreliable)
,"April","4","2500 - 2999 grams","06","Normal 18.5-24.9","2","2nd month","02",23,7665,3.00
,"April","4","2500 - 2999 grams","06","Normal 18.5-24.9","2","3rd month","03",10,7357,1.36 (Unreliable)
,"April","4","2500 - 2999 grams","06","Overweight 25.0-29.9","3","2nd month","02",15,4909,3.06 (Unreliable)
,"April","4","2500 - 2999 grams","06","Overweight 25.0-29.9","3","3rd month","03",12,4566,2.63 (Unreliable)
,"April","4","2500 - 2999 grams","06","Obesity I 30.0-34.9","4","3rd month","03",16,2841,5.63 (Unreliable)
,"April","4","3000 - 3499 grams","07","Normal 18.5-24.9","2","2nd month","02",18,15665,1.15 (Unreliable)
,"April","4","3000 - 3499 grams","07","Normal 18.5-24.9","2","3rd month","03",13,15039,0.86 (Unreliable)
,"April","4","3000 - 3499 grams","07","Overweight 25.0-29.9","3","2nd month","02",12,10896,1.10 (Unreliable)
,"April","4","3000 - 3499 grams","07","Overweight 25.0-29.9","3","3rd month","03",13,10616,1.22 (Unreliable)
,"April","4","3000 - 3499 grams","07","Obesity I 30.0-34.9","4","2nd month","02",15,6276,2.39 (Unreliable)
,"April","4","3000 - 3499 grams","07","Obesity I 30.0-34.9","4","3rd month","03",18,6044,2.98 (Unreliable)
,"April","4","3500 - 3999 grams","08","Normal 18.5-24.9","2","3rd month","03",10,9618,1.04 (Unreliable)
,"April","4","3500 - 3999 grams","08","Overweight 25.0-29.9","3","3rd month","03",11,7407,1.49 (Unreliable)
,"May","5","499 grams or less","01","Normal 18.5-24.9","2","No prenatal care","00",17,18,944.44 (Unreliable)
,"May","5","499 grams or less","01","Normal 18.5-24.9","2","2nd month","02",31,37,837.84
,"May","5","499 grams or less","01","Normal 18.5-24.9","2","3rd month","03",30,41,731.71
,"May","5","499 grams or less","01","Overweight 25.0-29.9","3","2nd month","02",27,30,900.00
,"May","5","499 grams or less","01","Overweight 25.0-29.9","3","3rd month","03",22,30,733.33
,"May","5","499 grams or less","01","Obesity I 30.0-34.9","4","2nd month","02",25,37,675.68
,"May","5","499 grams or less","01","Obesity I 30.0-34.9","4","3rd month","03",22,25,880.00
,"May","5","499 grams or less","01","Obesity II 35.0-39.9","5","2nd month","02",11,15,733.33 (Unreliable)
,"May","5","499 grams or less","01","Obesity II 35.0-39.9","5","3rd month","03",16,17,941.18 (Unreliable)
,"May","5","499 grams or less","01","Extreme Obesity III > 39.9","6","2nd month","02",18,22,818.18 (Unreliable)
,"May","5","499 grams or less","01","Extreme Obesity III > 39.9","6","3rd month","03",12,15,800.00 (Unreliable)
,"May","5","500 - 999 grams","02","Normal 18.5-24.9","2","No prenatal care","00",12,39,307.69 (Unreliable)
,"May","5","500 - 999 grams","02","Normal 18.5-24.9","2","2nd month","02",36,129,279.07
,"May","5","500 - 999 grams","02","Normal 18.5-24.9","2","3rd month","03",21,124,169.35
,"May","5","500 - 999 grams","02","Overweight 25.0-29.9","3","2nd month","02",27,121,223.14
,"May","5","500 - 999 grams","02","Overweight 25.0-29.9","3","3rd month","03",18,121,148.76 (Unreliable)
,"May","5","500 - 999 grams","02","Obesity I 30.0-34.9","4","2nd month","02",19,100,190.00 (Unreliable)
,"May","5","500 - 999 grams","02","Obesity I 30.0-34.9","4","3rd month","03",22,82,268.29
,"May","5","500 - 999 grams","02","Obesity II 35.0-39.9","5","2nd month","02",14,56,250.00 (Unreliable)
,"May","5","500 - 999 grams","02","Obesity II 35.0-39.9","5","3rd month","03",11,49,224.49 (Unreliable)
,"May","5","1000 - 1499 grams","03","Normal 18.5-24.9","2","2nd month","02",10,229,43.67 (Unreliable)
,"May","5","1000 - 1499 grams","03","Overweight 25.0-29.9","3","2nd month","02",11,184,59.78 (Unreliable)
,"May","5","1500 - 1999 grams","04","Overweight 25.0-29.9","3","2nd month","02",11,432,25.46 (Unreliable)
,"May","5","2000 - 2499 grams","05","Normal 18.5-24.9","2","2nd month","02",17,2044,8.32 (Unreliable)
,"May","5","2000 - 2499 grams","05","Overweight 25.0-29.9","3","2nd month","02",12,1446,8.30 (Unreliable)
,"May","5","2000 - 2499 grams","05","Overweight 25.0-29.9","3","3rd month","03",12,1225,9.80 (Unreliable)
,"May","5","2500 - 2999 grams","06","Normal 18.5-24.9","2","2nd month","02",14,8345,1.68 (Unreliable)
,"May","5","2500 - 2999 grams","06","Normal 18.5-24.9","2","3rd month","03",12,7602,1.58 (Unreliable)
,"May","5","2500 - 2999 grams","06","Overweight 25.0-29.9","3","2nd month","02",20,5349,3.74
,"May","5","2500 - 2999 grams","06","Overweight 25.0-29.9","3","3rd month","03",12,4934,2.43 (Unreliable)
,"May","5","2500 - 2999 grams","06","Overweight 25.0-29.9","3","4th month","04",12,1346,8.92 (Unreliable)
,"May","5","3000 - 3499 grams","07","Normal 18.5-24.9","2","2nd month","02",13,17317,0.75 (Unreliable)
,"May","5","3000 - 3499 grams","07","Normal 18.5-24.9","2","3rd month","03",16,16028,1.00 (Unreliable)
,"May","5","3000 - 3499 grams","07","Overweight 25.0-29.9","3","2nd month","02",17,11863,1.43 (Unreliable)
,"May","5","3000 - 3499 grams","07","Overweight 25.0-29.9","3","3rd month","03",15,11035,1.36 (Unreliable)
,"May","5","3000 - 3499 grams","07","Overweight 25.0-29.9","3","4th month","04",11,2769,3.97 (Unreliable)
,"May","5","3000 - 3499 grams","07","Obesity I 30.0-34.9","4","2nd month","02",15,6992,2.15 (Unreliable)
,"May","5","3000 - 3499 grams","07","Obesity I 30.0-34.9","4","3rd month","03",13,6328,2.05 (Unreliable)
,"May","5","3500 - 3999 grams","08","Normal 18.5-24.9","2","3rd month","03",10,10231,0.98 (Unreliable)
,"May","5","3500 - 3999 grams","08","Overweight 25.0-29.9","3","2nd month","02",12,8485,1.41 (Unreliable)
,"June","6","499 grams or less","01","Normal 18.5-24.9","2","No prenatal care","00",15,16,937.50 (Unreliable)
,"June","6","499 grams or less","01","Normal 18.5-24.9","2","2nd month","02",27,33,818.18
,"June","6","499 grams or less","01","Normal 18.5-24.9","2","3rd month","03",27,34,794.12
,"June","6","499 grams or less","01","Overweight 25.0-29.9","3","No prenatal care","00",11,13,846.15 (Unreliable)
,"June","6","499 grams or less","01","Overweight 25.0-29.9","3","2nd month","02",26,35,742.86
,"June","6","499 grams or less","01","Overweight 25.0-29.9","3","3rd month","03",21,29,724.14
,"June","6","499 grams or less","01","Obesity I 30.0-34.9","4","2nd month","02",19,22,863.64 (Unreliable)
,"June","6","499 grams or less","01","Obesity I 30.0-34.9","4","3rd month","03",15,19,789.47 (Unreliable)
,"June","6","499 grams or less","01","Obesity II 35.0-39.9","5","2nd month","02",16,22,727.27 (Unreliable)
,"June","6","499 grams or less","01","Obesity II 35.0-39.9","5","3rd month","03",15,20,750.00 (Unreliable)
,"June","6","499 grams or less","01","Extreme Obesity III > 39.9","6","2nd month","02",14,17,823.53 (Unreliable)
,"June","6","499 grams or less","01","Extreme Obesity III > 39.9","6","3rd month","03",10,13,769.23 (Unreliable)
,"June","6","499 grams or less","01","Unknown or Not Stated","9","No prenatal care","00",13,17,764.71 (Unreliable)
,"June","6","500 - 999 grams","02","Normal 18.5-24.9","2","No prenatal care","00",15,52,288.46 (Unreliable)
,"June","6","500 - 999 grams","02","Normal 18.5-24.9","2","2nd month","02",28,134,208.96
,"June","6","500 - 999 grams","02","Normal 18.5-24.9","2","3rd month","03",24,115,208.70
,"June","6","500 - 999 grams","02","Overweight 25.0-29.9","3","No prenatal care","00",13,30,433.33 (Unreliable)
,"June","6","500 - 999 grams","02","Overweight 25.0-29.9","3","2nd month","02",29,139,208.63
,"June","6","500 - 999 grams","02","Overweight 25.0-29.9","3","3rd month","03",19,102,186.27 (Unreliable)
,"June","6","500 - 999 grams","02","Obesity I 30.0-34.9","4","1st month","01",10,20,500.00 (Unreliable)
,"June","6","500 - 999 grams","02","Obesity I 30.0-34.9","4","2nd month","02",23,121,190.08
,"June","6","500 - 999 grams","02","Obesity I 30.0-34.9","4","3rd month","03",18,86,209.30 (Unreliable)
,"June","6","500 - 999 grams","02","Obesity II 35.0-39.9","5","2nd month","02",10,62,161.29 (Unreliable)
,"June","6","500 - 999 grams","02","Obesity II 35.0-39.9","5","3rd month","03",11,39,282.05 (Unreliable)
,"June","6","1000 - 1499 grams","03","Normal 18.5-24.9","2","2nd month","02",12,240,50.00 (Unreliable)
,"June","6","1000 - 1499 grams","03","Normal 18.5-24.9","2","3rd month","03",13,196,66.33 (Unreliable)
,"June","6","1500 - 1999 grams","04","Normal 18.5-24.9","2","3rd month","03",11,558,19.71 (Unreliable)
,"June","6","1500 - 1999 grams","04","Overweight 25.0-29.9","3","2nd month","02",10,441,22.68 (Unreliable)
,"June","6","1500 - 1999 grams","04","Obesity I 30.0-34.9","4","2nd month","02",10,291,34.36 (Unreliable)
,"June","6","2000 - 2499 grams","05","Normal 18.5-24.9","2","2nd month","02",11,2192,5.02 (Unreliable)
,"June","6","2000 - 2499 grams","05","Normal 18.5-24.9","2","3rd month","03",16,2040,7.84 (Unreliable)
,"June","6","2000 - 2499 grams","05","Overweight 25.0-29.9","3","2nd month","02",10,1425,7.02 (Unreliable)
,"June","6","2500 - 2999 grams","06","Normal 18.5-24.9","2","2nd month","02",18,8203,2.19 (Unreliable)
,"June","6","2500 - 2999 grams","06","Normal 18.5-24.9","2","3rd month","03",21,7427,2.83
,"June","6","2500 - 2999 grams","06","Normal 18.5-24.9","2","4th month","04",11,2321,4.74 (Unreliable)
,"June","6","2500 - 2999 grams","06","Overweight 25.0-29.9","3","2nd month","02",19,5355,3.55 (Unreliable)
,"June","6","2500 - 2999 grams","06","Overweight 25.0-29.9","3","3rd month","03",24,4910,4.89
,"June","6","2500 - 2999 grams","06","Overweight 25.0-29.9","3","4th month","04",10,1612,6.20 (Unreliable)
,"June","6","3000 - 3499 grams","07","Normal 18.5-24.9","2","2nd month","02",21,17318,1.21
,"June","6","3000 - 3499 grams","07","Normal 18.5-24.9","2","3rd month","03",25,15403,1.62
,"June","6","3000 - 3499 grams","07","Overweight 25.0-29.9","3","2nd month","02",15,11639,1.29 (Unreliable)
,"June","6","3000 - 3499 grams","07","Overweight 25.0-29.9","3","3rd month","03",20,10840,1.85
,"June","6","3000 - 3499 grams","07","Obesity I 30.0-34.9","4","2nd month","02",13,6823,1.91 (Unreliable)
,"June","6","3000 - 3499 grams","07","Obesity I 30.0-34.9","4","3rd month","03",11,6467,1.70 (Unreliable)
,"June","6","3000 - 3499 grams","07","Obesity II 35.0-39.9","5","3rd month","03",12,3065,3.92 (Unreliable)
,"June","6","3500 - 3999 grams","08","Normal 18.5-24.9","2","2nd month","02",11,10546,1.04 (Unreliable)
,"July","7","499 grams or less","01","Normal 18.5-24.9","2","No prenatal care","00",18,24,750.00 (Unreliable)
,"July","7","499 grams or less","01","Normal 18.5-24.9","2","2nd month","02",35,41,853.66
,"July","7","499 grams or less","01","Normal 18.5-24.9","2","3rd month","03",24,28,857.14
,"July","7","499 grams or less","01","Overweight 25.0-29.9","3","No prenatal care","00",12,15,800.00 (Unreliable)
,"July","7","499 grams or less","01","Overweight 25.0-29.9","3","2nd month","02",32,40,800.00
,"July","7","499 grams or less","01","Overweight 25.0-29.9","3","3rd month","03",19,29,655.17 (Unreliable)
,"July","7","499 grams or less","01","Obesity I 30.0-34.9","4","2nd month","02",24,30,800.00
,"July","7","499 grams or less","01","Obesity I 30.0-34.9","4","3rd month","03",15,23,652.17 (Unreliable)
,"July","7","499 grams or less","01","Obesity II 35.0-39.9","5","2nd month","02",16,22,727.27 (Unreliable)
,"July","7","499 grams or less","01","Obesity II 35.0-39.9","5","3rd month","03",14,14,1000.00 (Unreliable)
,"July","7","499 grams or less","01","Extreme Obesity III > 39.9","6","2nd month","02",15,20,750.00 (Unreliable)
,"July","7","499 grams or less","01","Extreme Obesity III > 39.9","6","3rd month","03",10,14,714.29 (Unreliable)
,"July","7","499 grams or less","01","Unknown or Not Stated","9","Unknown or Not Stated","99",10,12,833.33 (Unreliable)
,"July","7","500 - 999 grams","02","Normal 18.5-24.9","2","No prenatal care","00",16,43,372.09 (Unreliable)
,"July","7","500 - 999 grams","02","Normal 18.5-24.9","2","2nd month","02",33,128,257.81
,"July","7","500 - 999 grams","02","Normal 18.5-24.9","2","3rd month","03",21,115,182.61
,"July","7","500 - 999 grams","02","Normal 18.5-24.9","2","4th month","04",12,48,250.00 (Unreliable)
,"July","7","500 - 999 grams","02","Overweight 25.0-29.9","3","No prenatal care","00",11,24,458.33 (Unreliable)
,"July","7","500 - 999 grams","02","Overweight 25.0-29.9","3","2nd month","02",21,139,151.08
,"July","7","500 - 999 grams","02","Overweight 25.0-29.9","3","3rd month","03",21,108,194.44
,"July","7","500 - 999 grams","02","Obesity I 30.0-34.9","4","2nd month","02",18,105,171.43 (Unreliable)
,"July","7","500 - 999 grams","02","Obesity I 30.0-34.9","4","3rd month","03",11,70,157.14 (Unreliable)
,"July","7","500 - 999 grams","02","Obesity II 35.0-39.9","5","2nd month","02",16,87,183.91 (Unreliable)
,"July","7","500 - 999 grams","02","Obesity II 35.0-39.9","5","3rd month","03",15,52,288.46 (Unreliable)
,"July","7","500 - 999 grams","02","Extreme Obesity III > 39.9","6","2nd month","02",13,54,240.74 (Unreliable)
,"July","7","500 - 999 grams","02","Unknown or Not Stated","9","No prenatal care","00",13,27,481.48 (Unreliable)
,"July","7","1000 - 1499 grams","03","Normal 18.5-24.9","2","3rd month","03",12,195,61.54 (Unreliable)
,"July","7","1000 - 1499 grams","03","Overweight 25.0-29.9","3","2nd month","02",10,183,54.64 (Unreliable)
,"July","7","1500 - 1999 grams","04","Normal 18.5-24.9","2","3rd month","03",13,536,24.25 (Unreliable)
,"July","7","1500 - 1999 grams","04","Overweight 25.0-29.9","3","2nd month","02",13,445,29.21 (Unreliable)
,"July","7","1500 - 1999 grams","04","Overweight 25.0-29.9","3","3rd month","03",11,387,28.42 (Unreliable)
,"July","7","2000 - 2499 grams","05","Normal 18.5-24.9","2","2nd month","02",14,2057,6.81 (Unreliable)
,"July","7","2000 - 2499 grams","05","Normal 18.5-24.9","2","3rd month","03",10,2092,4.78 (Unreliable)
,"July","7","2000 - 2499 grams","05","Overweight 25.0-29.9","3","2nd month","02",10,1417,7.06 (Unreliable)
,"July","7","2000 - 2499 grams","05","Overweight 25.0-29.9","3","3rd month","03",14,1470,9.52 (Unreliable)
,"July","7","2500 - 2999 grams","06","Normal 18.5-24.9","2","2nd month","02",16,8016,2.00 (Unreliable)
,"July","7","2500 - 2999 grams","06","Normal 18.5-24.9","2","3rd month","03",25,8009,3.12
,"July","7","2500 - 2999 grams","06","Normal 18.5-24.9","2","4th month","04",13,2628,4.95 (Unreliable)
,"July","7","2500 - 2999 grams","06","Overweight 25.0-29.9","3","2nd month","02",22,5286,4.16
,"July","7","2500 - 2999 grams","06","Overweight 25.0-29.9","3","3rd month","03",14,5182,2.70 (Unreliable)
,"July","7","2500 - 2999 grams","06","Obesity I 30.0-34.9","4","2nd month","02",11,3088,3.56 (Unreliable)
,"July","7","2500 - 2999 grams","06","Obesity I 30.0-34.9","4","3rd month","03",18,3184,5.65 (Unreliable)
,"July","7","3000 - 3499 grams","07","Normal 18.5-24.9","2","2nd month","02",15,16811,0.89 (Unreliable)
,"July","7","3000 - 3499 grams","07","Normal 18.5-24.9","2","3rd month","03",20,16404,1.22
,"July","7","3000 - 3499 grams","07","Overweight 25.0-29.9","3","2nd month","02",13,11589,1.12 (Unreliable)
,"July","7","3000 - 3499 grams","07","Overweight 25.0-29.9","3","3rd month","03",13,11299,1.15 (Unreliable)
,"July","7","3000 - 3499 grams","07","Overweight 25.0-29.9","3","4th month","04",10,3672,2.72 (Unreliable)
,"July","7","3000 - 3499 grams","07","Obesity I 30.0-34.9","4","3rd month","03",10,6735,1.48 (Unreliable)
,"August","8","499 grams or less","01","Normal 18.5-24.9","2","No prenatal care","00",20,22,909.09
,"August","8","499 grams or less","01","Normal 18.5-24.9","2","2nd month","02",19,27,703.70 (Unreliable)
,"August","8","499 grams or less","01","Normal 18.5-24.9","2","3rd month","03",20,25,800.00
,"August","8","499 grams or less","01","Overweight 25.0-29.9","3","No prenatal care","00",12,16,750.00 (Unreliable)
,"August","8","499 grams or less","01","Overweight 25.0-29.9","3","2nd month","02",36,40,900.00
,"August","8","499 grams or less","01","Overweight 25.0-29.9","3","3rd month","03",19,26,730.77 (Unreliable)
,"August","8","499 grams or less","01","Obesity I 30.0-34.9","4","2nd month","02",35,40,875.00
,"August","8","499 grams or less","01","Obesity I 30.0-34.9","4","3rd month","03",23,29,793.10
,"August","8","499 grams or less","01","Obesity II 35.0-39.9","5","3rd month","03",14,20,700.00 (Unreliable)
,"August","8","499 grams or less","01","Extreme Obesity III > 39.9","6","2nd month","02",15,19,789.47 (Unreliable)
,"August","8","499 grams or less","01","Unknown or Not Stated","9","Unknown or Not Stated","99",11,11,1000.00 (Unreliable)
,"August","8","500 - 999 grams","02","Normal 18.5-24.9","2","No prenatal care","00",11,39,282.05 (Unreliable)
,"August","8","500 - 999 grams","02","Normal 18.5-24.9","2","1st month","01",11,39,282.05 (Unreliable)
,"August","8","500 - 999 grams","02","Normal 18.5-24.9","2","2nd month","02",36,156,230.77
,"August","8","500 - 999 grams","02","Normal 18.5-24.9","2","3rd month","03",26,102,254.90
,"August","8","500 - 999 grams","02","Overweight 25.0-29.9","3","No prenatal care","00",12,43,279.07 (Unreliable)
,"August","8","500 - 999 grams","02","Overweight 25.0-29.9","3","2nd month","02",20,157,127.39
,"August","8","500 - 999 grams","02","Overweight 25.0-29.9","3","3rd month","03",14,81,172.84 (Unreliable)
,"August","8","500 - 999 grams","02","Obesity I 30.0-34.9","4","2nd month","02",25,94,265.96
,"August","8","500 - 999 grams","02","Obesity I 30.0-34.9","4","3rd month","03",14,86,162.79 (Unreliable)
,"August","8","500 - 999 grams","02","Obesity II 35.0-39.9","5","2nd month","02",16,68,235.29 (Unreliable)
,"August","8","500 - 999 grams","02","Obesity II 35.0-39.9","5","3rd month","03",12,55,218.18 (Unreliable)
,"August","8","500 - 999 grams","02","Extreme Obesity III > 39.9","6","2nd month","02",15,59,254.24 (Unreliable)
,"August","8","500 - 999 grams","02","Extreme Obesity III > 39.9","6","3rd month","03",10,42,238.10 (Unreliable)
,"August","8","1000 - 1499 grams","03","Normal 18.5-24.9","2","2nd month","02",16,247,64.78 (Unreliable)
,"August","8","1000 - 1499 grams","03","Normal 18.5-24.9","2","3rd month","03",17,192,88.54 (Unreliable)
,"August","8","1500 - 1999 grams","04","Normal 18.5-24.9","2","2nd month","02",13,638,20.38 (Unreliable)
,"August","8","1500 - 1999 grams","04","Normal 18.5-24.9","2","3rd month","03",15,550,27.27 (Unreliable)
,"August","8","2000 - 2499 grams","05","Normal 18.5-24.9","2","2nd month","02",18,2241,8.03 (Unreliable)
,"August","8","2000 - 2499 grams","05","Normal 18.5-24.9","2","3rd month","03",10,2134,4.69 (Unreliable)
,"August","8","2000 - 2499 grams","05","Overweight 25.0-29.9","3","2nd month","02",10,1509,6.63 (Unreliable)
,"August","8","2000 - 2499 grams","05","Overweight 25.0-29.9","3","3rd month","03",11,1439,7.64 (Unreliable)
,"August","8","2500 - 2999 grams","06","Normal 18.5-24.9","2","2nd month","02",20,8346,2.40
,"August","8","2500 - 2999 grams","06","Normal 18.5-24.9","2","3rd month","03",16,8523,1.88 (Unreliable)
,"August","8","2500 - 2999 grams","06","Overweight 25.0-29.9","3","3rd month","03",14,5581,2.51 (Unreliable)
,"August","8","2500 - 2999 grams","06","Overweight 25.0-29.9","3","4th month","04",10,1601,6.25 (Unreliable)
,"August","8","2500 - 2999 grams","06","Obesity I 30.0-34.9","4","2nd month","02",10,3469,2.88 (Unreliable)
,"August","8","2500 - 2999 grams","06","Obesity I 30.0-34.9","4","3rd month","03",16,3442,4.65 (Unreliable)
,"August","8","2500 - 2999 grams","06","Obesity II 35.0-39.9","5","3rd month","03",12,1728,6.94 (Unreliable)
,"August","8","3000 - 3499 grams","07","Normal 18.5-24.9","2","2nd month","02",16,17189,0.93 (Unreliable)
,"August","8","3000 - 3499 grams","07","Normal 18.5-24.9","2","3rd month","03",21,18194,1.15
,"August","8","3000 - 3499 grams","07","Normal 18.5-24.9","2","4th month","04",14,4580,3.06 (Unreliable)
,"August","8","3000 - 3499 grams","07","Normal 18.5-24.9","2","5th month","05",10,2048,4.88 (Unreliable)
,"August","8","3000 - 3499 grams","07","Overweight 25.0-29.9","3","2nd month","02",13,11803,1.10 (Unreliable)
,"August","8","3000 - 3499 grams","07","Overweight 25.0-29.9","3","3rd month","03",20,12565,1.59
,"August","8","3000 - 3499 grams","07","Overweight 25.0-29.9","3","4th month","04",14,3321,4.22 (Unreliable)
,"August","8","3000 - 3499 grams","07","Obesity I 30.0-34.9","4","2nd month","02",15,7183,2.09 (Unreliable)
,"August","8","3000 - 3499 grams","07","Obesity I 30.0-34.9","4","3rd month","03",17,7354,2.31 (Unreliable)
,"August","8","3500 - 3999 grams","08","Normal 18.5-24.9","2","3rd month","03",13,11473,1.13 (Unreliable)
,"September","9","499 grams or less","01","Normal 18.5-24.9","2","No prenatal care","00",12,16,750.00 (Unreliable)
,"September","9","499 grams or less","01","Normal 18.5-24.9","2","2nd month","02",19,30,633.33 (Unreliable)
,"September","9","499 grams or less","01","Normal 18.5-24.9","2","3rd month","03",23,25,920.00
,"September","9","499 grams or less","01","Overweight 25.0-29.9","3","No prenatal care","00",12,15,800.00 (Unreliable)
,"September","9","499 grams or less","01","Overweight 25.0-29.9","3","2nd month","02",25,29,862.07
,"September","9","499 grams or less","01","Overweight 25.0-29.9","3","3rd month","03",19,25,760.00 (Unreliable)
,"September","9","499 grams or less","01","Obesity I 30.0-34.9","4","2nd month","02",23,25,920.00
,"September","9","499 grams or less","01","Obesity I 30.0-34.9","4","3rd month","03",20,31,645.16
,"September","9","499 grams or less","01","Obesity I 30.0-34.9","4","4th month","04",10,12,833.33 (Unreliable)
,"September","9","499 grams or less","01","Obesity II 35.0-39.9","5","3rd month","03",12,17,705.88 (Unreliable)
,"September","9","499 grams or less","01","Extreme Obesity III > 39.9","6","2nd month","02",11,11,1000.00 (Unreliable)
,"September","9","499 grams or less","01","Unknown or Not Stated","9","Unknown or Not Stated","99",10,11,909.09 (Unreliable)
,"September","9","500 - 999 grams","02","Normal 18.5-24.9","2","No prenatal care","00",11,34,323.53 (Unreliable)
,"September","9","500 - 999 grams","02","Normal 18.5-24.9","2","2nd month","02",28,134,208.96
,"September","9","500 - 999 grams","02","Normal 18.5-24.9","2","3rd month","03",26,123,211.38
,"September","9","500 - 999 grams","02","Overweight 25.0-29.9","3","No prenatal care","00",10,36,277.78 (Unreliable)
,"September","9","500 - 999 grams","02","Overweight 25.0-29.9","3","2nd month","02",21,116,181.03
,"September","9","500 - 999 grams","02","Overweight 25.0-29.9","3","3rd month","03",13,79,164.56 (Unreliable)
,"September","9","500 - 999 grams","02","Obesity I 30.0-34.9","4","2nd month","02",12,80,150.00 (Unreliable)
,"September","9","500 - 999 grams","02","Obesity I 30.0-34.9","4","3rd month","03",18,78,230.77 (Unreliable)
,"September","9","500 - 999 grams","02","Obesity II 35.0-39.9","5","2nd month","02",10,54,185.19 (Unreliable)
,"September","9","500 - 999 grams","02","Extreme Obesity III > 39.9","6","2nd month","02",14,52,269.23 (Unreliable)
,"September","9","500 - 999 grams","02","Extreme Obesity III > 39.9","6","3rd month","03",10,32,312.50 (Unreliable)
,"September","9","1500 - 1999 grams","04","Normal 18.5-24.9","2","3rd month","03",19,523,36.33 (Unreliable)
,"September","9","1500 - 1999 grams","04","Overweight 25.0-29.9","3","2nd month","02",14,397,35.26 (Unreliable)
,"September","9","1500 - 1999 grams","04","Obesity I 30.0-34.9","4","2nd month","02",10,350,28.57 (Unreliable)
,"September","9","2000 - 2499 grams","05","Normal 18.5-24.9","2","2nd month","02",19,2154,8.82 (Unreliable)
,"September","9","2000 - 2499 grams","05","Normal 18.5-24.9","2","3rd month","03",10,1971,5.07 (Unreliable)
,"September","9","2000 - 2499 grams","05","Overweight 25.0-29.9","3","2nd month","02",11,1496,7.35 (Unreliable)
,"September","9","2000 - 2499 grams","05","Overweight 25.0-29.9","3","3rd month","03",11,1384,7.95 (Unreliable)
,"September","9","2000 - 2499 grams","05","Obesity I 30.0-34.9","4","3rd month","03",10,843,11.86 (Unreliable)
,"September","9","2500 - 2999 grams","06","Normal 18.5-24.9","2","2nd month","02",20,8677,2.30
,"September","9","2500 - 2999 grams","06","Normal 18.5-24.9","2","3rd month","03",19,7566,2.51 (Unreliable)
,"September","9","2500 - 2999 grams","06","Overweight 25.0-29.9","3","2nd month","02",21,5696,3.69
,"September","9","2500 - 2999 grams","06","Overweight 25.0-29.9","3","3rd month","03",16,5023,3.19 (Unreliable)
,"September","9","2500 - 2999 grams","06","Obesity I 30.0-34.9","4","2nd month","02",13,3396,3.83 (Unreliable)
,"September","9","3000 - 3499 grams","07","Normal 18.5-24.9","2","2nd month","02",24,17604,1.36
,"September","9","3000 - 3499 grams","07","Normal 18.5-24.9","2","3rd month","03",25,16036,1.56
,"September","9","3000 - 3499 grams","07","Overweight 25.0-29.9","3","2nd month","02",17,12281,1.38 (Unreliable)
,"September","9","3000 - 3499 grams","07","Overweight 25.0-29.9","3","3rd month","03",12,11077,1.08 (Unreliable)
,"September","9","3000 - 3499 grams","07","Obesity I 30.0-34.9","4","2nd month","02",14,7410,1.89 (Unreliable)
,"September","9","3000 - 3499 grams","07","Obesity I 30.0-34.9","4","3rd month","03",10,6614,1.51 (Unreliable)
,"September","9","3500 - 3999 grams","08","Normal 18.5-24.9","2","2nd month","02",12,10719,1.12 (Unreliable)
,"September","9","3500 - 3999 grams","08","Obesity I 30.0-34.9","4","2nd month","02",10,5550,1.80 (Unreliable)
,"September","9","3500 - 3999 grams","08","Obesity I 30.0-34.9","4","3rd month","03",11,4891,2.25 (Unreliable)
,"October","10","499 grams or less","01","Normal 18.5-24.9","2","No prenatal care","00",14,14,1000.00 (Unreliable)
,"October","10","499 grams or less","01","Normal 18.5-24.9","2","1st month","01",10,12,833.33 (Unreliable)
,"October","10","499 grams or less","01","Normal 18.5-24.9","2","2nd month","02",18,22,818.18 (Unreliable)
,"October","10","499 grams or less","01","Normal 18.5-24.9","2","3rd month","03",15,22,681.82 (Unreliable)
,"October","10","499 grams or less","01","Overweight 25.0-29.9","3","No prenatal care","00",10,13,769.23 (Unreliable)
,"October","10","499 grams or less","01","Overweight 25.0-29.9","3","2nd month","02",17,20,850.00 (Unreliable)
,"October","10","499 grams or less","01","Overweight 25.0-29.9","3","3rd month","03",19,24,791.67 (Unreliable)
,"October","10","499 grams or less","01","Obesity I 30.0-34.9","4","2nd month","02",20,24,833.33
,"October","10","499 grams or less","01","Obesity I 30.0-34.9","4","3rd month","03",21,27,777.78
,"October","10","499 grams or less","01","Obesity II 35.0-39.9","5","2nd month","02",11,11,1000.00 (Unreliable)
,"October","10","499 grams or less","01","Obesity II 35.0-39.9","5","3rd month","03",11,17,647.06 (Unreliable)
,"October","10","499 grams or less","01","Extreme Obesity III > 39.9","6","2nd month","02",10,15,666.67 (Unreliable)
,"October","10","499 grams or less","01","Extreme Obesity III > 39.9","6","3rd month","03",16,18,888.89 (Unreliable)
,"October","10","499 grams or less","01","Unknown or Not Stated","9","No prenatal care","00",13,13,1000.00 (Unreliable)
,"October","10","500 - 999 grams","02","Normal 18.5-24.9","2","No prenatal care","00",10,35,285.71 (Unreliable)
,"October","10","500 - 999 grams","02","Normal 18.5-24.9","2","1st month","01",12,42,285.71 (Unreliable)
,"October","10","500 - 999 grams","02","Normal 18.5-24.9","2","2nd month","02",23,125,184.00
,"October","10","500 - 999 grams","02","Normal 18.5-24.9","2","3rd month","03",23,109,211.01
,"October","10","500 - 999 grams","02","Overweight 25.0-29.9","3","No prenatal care","00",10,30,333.33 (Unreliable)
,"October","10","500 - 999 grams","02","Overweight 25.0-29.9","3","2nd month","02",28,117,239.32
,"October","10","500 - 999 grams","02","Overweight 25.0-29.9","3","3rd month","03",21,98,214.29
,"October","10","500 - 999 grams","02","Obesity I 30.0-34.9","4","2nd month","02",20,118,169.49
,"October","10","500 - 999 grams","02","Obesity I 30.0-34.9","4","3rd month","03",20,80,250.00
,"October","10","500 - 999 grams","02","Obesity II 35.0-39.9","5","3rd month","03",14,41,341.46 (Unreliable)
,"October","10","500 - 999 grams","02","Extreme Obesity III > 39.9","6","2nd month","02",13,66,196.97 (Unreliable)
,"October","10","500 - 999 grams","02","Unknown or Not Stated","9","No prenatal care","00",10,29,344.83 (Unreliable)
,"October","10","1000 - 1499 grams","03","Normal 18.5-24.9","2","2nd month","02",14,216,64.81 (Unreliable)
,"October","10","1000 - 1499 grams","03","Overweight 25.0-29.9","3","3rd month","03",11,179,61.45 (Unreliable)
,"October","10","1500 - 1999 grams","04","Normal 18.5-24.9","2","3rd month","03",16,518,30.89 (Unreliable)
,"October","10","2000 - 2499 grams","05","Normal 18.5-24.9","2","2nd month","02",13,2219,5.86 (Unreliable)
,"October","10","2000 - 2499 grams","05","Normal 18.5-24.9","2","3rd month","03",15,1938,7.74 (Unreliable)
,"October","10","2000 - 2499 grams","05","Overweight 25.0-29.9","3","2nd month","02",10,1506,6.64 (Unreliable)
,"October","10","2000 - 2499 grams","05","Overweight 25.0-29.9","3","3rd month","03",10,1304,7.67 (Unreliable)
,"October","10","2000 - 2499 grams","05","Obesity I 30.0-34.9","4","2nd month","02",12,916,13.10 (Unreliable)
,"October","10","2500 - 2999 grams","06","Normal 18.5-24.9","2","2nd month","02",23,8856,2.60
,"October","10","2500 - 2999 grams","06","Normal 18.5-24.9","2","3rd month","03",17,7878,2.16 (Unreliable)
,"October","10","2500 - 2999 grams","06","Normal 18.5-24.9","2","4th month","04",16,2142,7.47 (Unreliable)
,"October","10","2500 - 2999 grams","06","Overweight 25.0-29.9","3","2nd month","02",14,5688,2.46 (Unreliable)
,"October","10","2500 - 2999 grams","06","Overweight 25.0-29.9","3","3rd month","03",15,5039,2.98 (Unreliable)
,"October","10","2500 - 2999 grams","06","Obesity I 30.0-34.9","4","3rd month","03",14,3099,4.52 (Unreliable)
,"October","10","2500 - 2999 grams","06","Obesity II 35.0-39.9","5","2nd month","02",11,1878,5.86 (Unreliable)
,"October","10","3000 - 3499 grams","07","Normal 18.5-24.9","2","2nd month","02",24,17831,1.35
,"October","10","3000 - 3499 grams","07","Normal 18.5-24.9","2","3rd month","03",13,16116,0.81 (Unreliable)
,"October","10","3000 - 3499 grams","07","Overweight 25.0-29.9","3","2nd month","02",19,12267,1.55 (Unreliable)
,"October","10","3000 - 3499 grams","07","Overweight 25.0-29.9","3","3rd month","03",17,11267,1.51 (Unreliable)
,"October","10","3000 - 3499 grams","07","Obesity I 30.0-34.9","4","2nd month","02",10,7329,1.36 (Unreliable)
,"October","10","3000 - 3499 grams","07","Obesity I 30.0-34.9","4","3rd month","03",12,6722,1.79 (Unreliable)
,"October","10","3000 - 3499 grams","07","Obesity II 35.0-39.9","5","3rd month","03",11,3314,3.32 (Unreliable)
,"October","10","3500 - 3999 grams","08","Normal 18.5-24.9","2","2nd month","02",10,10588,0.94 (Unreliable)
,"October","10","3500 - 3999 grams","08","Overweight 25.0-29.9","3","2nd month","02",11,8779,1.25 (Unreliable)
,"October","10","3500 - 3999 grams","08","Obesity I 30.0-34.9","4","2nd month","02",10,5577,1.79 (Unreliable)
,"October","10","3500 - 3999 grams","08","Obesity II 35.0-39.9","5","2nd month","02",10,2792,3.58 (Unreliable)
,"October","10","3500 - 3999 grams","08","Obesity II 35.0-39.9","5","3rd month","03",10,2478,4.04 (Unreliable)
,"November","11","499 grams or less","01","Normal 18.5-24.9","2","No prenatal care","00",17,20,850.00 (Unreliable)
,"November","11","499 grams or less","01","Normal 18.5-24.9","2","1st month","01",10,12,833.33 (Unreliable)
,"November","11","499 grams or less","01","Normal 18.5-24.9","2","2nd month","02",28,37,756.76
,"November","11","499 grams or less","01","Normal 18.5-24.9","2","3rd month","03",22,30,733.33
,"November","11","499 grams or less","01","Normal 18.5-24.9","2","4th month","04",14,14,1000.00 (Unreliable)
,"November","11","499 grams or less","01","Overweight 25.0-29.9","3","2nd month","02",25,35,714.29
,"November","11","499 grams or less","01","Overweight 25.0-29.9","3","3rd month","03",27,29,931.03
,"November","11","499 grams or less","01","Obesity I 30.0-34.9","4","2nd month","02",17,21,809.52 (Unreliable)
,"November","11","499 grams or less","01","Obesity I 30.0-34.9","4","3rd month","03",16,24,666.67 (Unreliable)
,"November","11","499 grams or less","01","Obesity II 35.0-39.9","5","2nd month","02",11,12,916.67 (Unreliable)
,"November","11","499 grams or less","01","Extreme Obesity III > 39.9","6","2nd month","02",25,28,892.86
,"November","11","500 - 999 grams","02","Normal 18.5-24.9","2","No prenatal care","00",18,50,360.00 (Unreliable)
,"November","11","500 - 999 grams","02","Normal 18.5-24.9","2","2nd month","02",30,135,222.22
,"November","11","500 - 999 grams","02","Normal 18.5-24.9","2","3rd month","03",24,102,235.29
,"November","11","500 - 999 grams","02","Overweight 25.0-29.9","3","No prenatal care","00",10,27,370.37 (Unreliable)
,"November","11","500 - 999 grams","02","Overweight 25.0-29.9","3","2nd month","02",30,150,200.00
,"November","11","500 - 999 grams","02","Overweight 25.0-29.9","3","3rd month","03",16,104,153.85 (Unreliable)
,"November","11","500 - 999 grams","02","Obesity I 30.0-34.9","4","2nd month","02",26,98,265.31
,"November","11","500 - 999 grams","02","Obesity I 30.0-34.9","4","3rd month","03",22,105,209.52
,"November","11","500 - 999 grams","02","Extreme Obesity III > 39.9","6","2nd month","02",11,45,244.44 (Unreliable)
,"November","11","500 - 999 grams","02","Extreme Obesity III > 39.9","6","3rd month","03",22,56,392.86
,"November","11","500 - 999 grams","02","Unknown or Not Stated","9","No prenatal care","00",11,23,478.26 (Unreliable)
,"November","11","1500 - 1999 grams","04","Normal 18.5-24.9","2","2nd month","02",16,555,28.83 (Unreliable)
,"November","11","2000 - 2499 grams","05","Normal 18.5-24.9","2","2nd month","02",16,2096,7.63 (Unreliable)
,"November","11","2000 - 2499 grams","05","Normal 18.5-24.9","2","3rd month","03",12,1820,6.59 (Unreliable)
,"November","11","2000 - 2499 grams","05","Overweight 25.0-29.9","3","2nd month","02",18,1404,12.82 (Unreliable)
,"November","11","2000 - 2499 grams","05","Overweight 25.0-29.9","3","3rd month","03",10,1282,7.80 (Unreliable)
,"November","11","2000 - 2499 grams","05","Obesity I 30.0-34.9","4","2nd month","02",10,982,10.18 (Unreliable)
,"November","11","2500 - 2999 grams","06","Normal 18.5-24.9","2","2nd month","02",16,8227,1.94 (Unreliable)
,"November","11","2500 - 2999 grams","06","Normal 18.5-24.9","2","3rd month","03",20,7527,2.66
,"November","11","2500 - 2999 grams","06","Overweight 25.0-29.9","3","2nd month","02",22,5336,4.12
,"November","11","2500 - 2999 grams","06","Overweight 25.0-29.9","3","3rd month","03",13,4990,2.61 (Unreliable)
,"November","11","2500 - 2999 grams","06","Extreme Obesity III > 39.9","6","2nd month","02",11,1334,8.25 (Unreliable)
,"November","11","3000 - 3499 grams","07","Normal 18.5-24.9","2","2nd month","02",25,16891,1.48
,"November","11","3000 - 3499 grams","07","Normal 18.5-24.9","2","3rd month","03",27,15292,1.77
,"November","11","3000 - 3499 grams","07","Overweight 25.0-29.9","3","2nd month","02",17,11729,1.45 (Unreliable)
,"November","11","3000 - 3499 grams","07","Overweight 25.0-29.9","3","3rd month","03",14,10807,1.30 (Unreliable)
,"November","11","3000 - 3499 grams","07","Obesity I 30.0-34.9","4","2nd month","02",11,7177,1.53 (Unreliable)
,"November","11","3000 - 3499 grams","07","Obesity I 30.0-34.9","4","3rd month","03",10,6288,1.59 (Unreliable)
,"November","11","3500 - 3999 grams","08","Overweight 25.0-29.9","3","2nd month","02",11,8069,1.36 (Unreliable)
,"December","12","499 grams or less","01","Normal 18.5-24.9","2","No prenatal care","00",19,22,863.64 (Unreliable)
,"December","12","499 grams or less","01","Normal 18.5-24.9","2","2nd month","02",23,38,605.26
,"December","12","499 grams or less","01","Normal 18.5-24.9","2","3rd month","03",34,39,871.79
,"December","12","499 grams or less","01","Normal 18.5-24.9","2","4th month","04",13,16,812.50 (Unreliable)
,"December","12","499 grams or less","01","Overweight 25.0-29.9","3","No prenatal care","00",14,12,1166.67 (Unreliable)
,"December","12","499 grams or less","01","Overweight 25.0-29.9","3","2nd month","02",28,36,777.78
,"December","12","499 grams or less","01","Overweight 25.0-29.9","3","3rd month","03",21,28,750.00
,"December","12","499 grams or less","01","Obesity I 30.0-34.9","4","No prenatal care","00",10,11,909.09 (Unreliable)
,"December","12","499 grams or less","01","Obesity I 30.0-34.9","4","2nd month","02",33,39,846.15
,"December","12","499 grams or less","01","Obesity I 30.0-34.9","4","3rd month","03",20,23,869.57
,"December","12","499 grams or less","01","Obesity II 35.0-39.9","5","2nd month","02",19,24,791.67 (Unreliable)
,"December","12","499 grams or less","01","Obesity II 35.0-39.9","5","3rd month","03",10,16,625.00 (Unreliable)
,"December","12","499 grams or less","01","Extreme Obesity III > 39.9","6","2nd month","02",17,20,850.00 (Unreliable)
,"December","12","499 grams or less","01","Extreme Obesity III > 39.9","6","3rd month","03",14,13,1076.92 (Unreliable)
,"December","12","499 grams or less","01","Unknown or Not Stated","9","Unknown or Not Stated","99",12,12,1000.00 (Unreliable)
,"December","12","500 - 999 grams","02","Normal 18.5-24.9","2","2nd month","02",26,154,168.83
,"December","12","500 - 999 grams","02","Normal 18.5-24.9","2","3rd month","03",23,112,205.36
,"December","12","500 - 999 grams","02","Normal 18.5-24.9","2","4th month","04",13,50,260.00 (Unreliable)
,"December","12","500 - 999 grams","02","Overweight 25.0-29.9","3","No prenatal care","00",15,49,306.12 (Unreliable)
,"December","12","500 - 999 grams","02","Overweight 25.0-29.9","3","2nd month","02",27,133,203.01
,"December","12","500 - 999 grams","02","Overweight 25.0-29.9","3","3rd month","03",18,110,163.64 (Unreliable)
,"December","12","500 - 999 grams","02","Obesity I 30.0-34.9","4","2nd month","02",25,95,263.16
,"December","12","500 - 999 grams","02","Obesity I 30.0-34.9","4","3rd month","03",14,84,166.67 (Unreliable)
,"December","12","500 - 999 grams","02","Obesity II 35.0-39.9","5","2nd month","02",14,54,259.26 (Unreliable)
,"December","12","500 - 999 grams","02","Extreme Obesity III > 39.9","6","2nd month","02",10,52,192.31 (Unreliable)
,"December","12","1000 - 1499 grams","03","Normal 18.5-24.9","2","2nd month","02",13,243,53.50 (Unreliable)
,"December","12","1000 - 1499 grams","03","Normal 18.5-24.9","2","3rd month","03",11,168,65.48 (Unreliable)
,"December","12","1500 - 1999 grams","04","Normal 18.5-24.9","2","3rd month","03",11,474,23.21 (Unreliable)
,"December","12","2000 - 2499 grams","05","Normal 18.5-24.9","2","2nd month","02",20,2162,9.25
,"December","12","2000 - 2499 grams","05","Overweight 25.0-29.9","3","3rd month","03",13,1308,9.94 (Unreliable)
,"December","12","2500 - 2999 grams","06","Normal 18.5-24.9","2","2nd month","02",21,8405,2.50
,"December","12","2500 - 2999 grams","06","Normal 18.5-24.9","2","3rd month","03",17,7327,2.32 (Unreliable)
,"December","12","2500 - 2999 grams","06","Overweight 25.0-29.9","3","2nd month","02",21,5402,3.89
,"December","12","2500 - 2999 grams","06","Overweight 25.0-29.9","3","3rd month","03",15,4875,3.08 (Unreliable)
,"December","12","2500 - 2999 grams","06","Obesity I 30.0-34.9","4","2nd month","02",12,3382,3.55 (Unreliable)
,"December","12","3000 - 3499 grams","07","Normal 18.5-24.9","2","2nd month","02",18,16818,1.07 (Unreliable)
,"December","12","3000 - 3499 grams","07","Normal 18.5-24.9","2","3rd month","03",23,14704,1.56
,"December","12","3000 - 3499 grams","07","Normal 18.5-24.9","2","4th month","04",16,3801,4.21 (Unreliable)
,"December","12","3000 - 3499 grams","07","Overweight 25.0-29.9","3","2nd month","02",14,11768,1.19 (Unreliable)
,"December","12","3000 - 3499 grams","07","Overweight 25.0-29.9","3","3rd month","03",25,10432,2.40
,"December","12","3000 - 3499 grams","07","Obesity I 30.0-34.9","4","2nd month","02",15,7105,2.11 (Unreliable)
,"December","12","3000 - 3499 grams","07","Obesity I 30.0-34.9","4","3rd month","03",11,6109,1.80 (Unreliable)
,"December","12","3500 - 3999 grams","08","Obesity I 30.0-34.9","4","2nd month","02",13,5152,2.52 (Unreliable)
"---"
"Dataset: Linked Birth / Infant Death Records, 2017-2023 Expanded"
"Query Parameters:"
"Year of Death: 2023"
"Group By: Month; Infant Birth Weight 12; Mother's Pre-pregnancy BMI; Month Prenatal Care Began"
"Show Totals: Disabled"
"Show Zero Values: False"
"Show Suppressed: False"
"Calculate Rates Per: 1,000"
"---"
"Help: See http://wonder.cdc.gov/wonder/help/lbd-expanded.html for more information."
"---"
"Query Date: Apr 5, 2026 8:13:42 PM"
"---"
"Suggested Citation: Centers for Disease Control and Prevention, National Center for Health Statistics. National Vital Statistics"
"System, Linked Birth / Infant Deaths on CDC WONDER Online Database. Data are from the Linked Birth / Infant Deaths Records"
"2017-2023, as compiled from data provided by the 57 vital statistics jurisdictions through the Vital Statistics Cooperative"
"Program. Accessed at http://wonder.cdc.gov/lbd-current-expanded.html on Apr 5, 2026 8:13:42 PM"
"---"
Messages:
"1. Totals are not available for these results due to suppression constraints. More Information:"
"http://wonder.cdc.gov/wonder/help/faq.html#Privacy."
"2. Rows with zero Deaths are hidden. Use Quick Options above to show zero rows."
"3. Rows with suppressed Deaths are hidden. Use Quick Options above to show suppressed rows."
"---"
Caveats:
"1. 'Suppressed' appears instead of death, birth, and rate values when the death value represents 1-9 sub-national events. This"
"is because the data do not meet the criteria for confidentiality constraints. More information:"
"http://wonder.cdc.gov/wonder/help/lbd-expanded.html#Assurance of Confidentiality."
"2. 'Unreliable' appears for rates when there are fewer than 20 deaths in the numerator. This is because the figure does not meet"
"the NCHS standard of reliability or precision. More information: http://wonder.cdc.gov/wonder/help/lbd-expanded.html#Unreliable."
"3. Infant deaths are weighted so numbers may not exactly add to totals due to rounding. More information:"
"http://wonder.cdc.gov/wonder/help/lbd-expanded.html#WeightFactors-Totals."
"4. Note that there may be slight differences in the number of infant deaths when comparing the Linked Birth / Death Records to"
"the other vital statistics. More information: http://wonder.cdc.gov/wonder/help/lbd-expanded.html#Weight Factors."